1,Noelle,Dulciana,19-08-1988,ef,Seattle
2,Nananne,Shields,09-09-1997,dam,Hyderabad
3,Rosaline,Dyche,27-11-1993,dam,Boa Vista
4,Elena,Marsden,28-01-1987,ef,Indianapolis
5,Elena,Japeth,11-10-1990,dam,London
6,Kristina,Zachary,29-07-1994,ef,Casablanca
7,Roz,Sabella,16-03-1993,dam,Kota Kinabalu
8,Kathy,Gaynor,28-07-1995,dam,Handan
9,Ingrid,Tayib,22-03-1982,dam,Bahía Blanca
10,Melina,Fiann,04-12-1981,ef,Amman
11,Mallory,Alva,01-05-1994,ef,Angra do Heroísmo
12,Meg,Colyer,15-09-2000,ef,Fairbanks
13,Binny,Louanna,19-03-1997,ef,Malabo
14,Livvyy,Autrey,23-05-1989,ef,Bern
15,Lucy,Erich,15-06-1986,dam,Thessaloniki
16,Rhea,Bronk,24-01-1987,dam,Gaborone
17,Kelly,Chinua,26-03-2002,dam,Roseau
18,Bee,Guthrie,04-03-1985,dam,Ulan Bator
19,Suzette,Tannie,24-07-1989,dam,Bilbao
20,Elvira,Simmonds,10-08-1984,ef,Philadelphia
21,Gianina,Goldina,20-02-1997,ef,Toulouse
22,Corly,Merriott,26-09-1996,ef,Chongjin
23,Ida,Harday,03-12-1984,ef,Malabo
24,Halette,Yoko,02-11-2000,ef,Geneva
25,Lory,Roxanna,03-06-2000,ef,Simferopol
26,Romona,Wattenberg,23-11-1990,dam,Hangzhou
27,Leia,Alabaster,13-11-1997,ef,Hiroshima
28,Millie,Mandler,15-02-1980,dam,Gaza
29,Ekaterina,Sikorski,26-01-1985,dam,Pekanbaru
30,Caritta,Terrence,01-04-1996,dam,Ilhéus
31,Kore,Agle,12-12-1980,ef,Vaduz
32,Lolita,Ummersen,11-01-1987,dam,Kolkata
33,Britte,Lilas,09-11-1983,dam,Fairbanks
34,Nonnah,Lissi,17-10-2000,ef,Marseille
35,Adore,Byrne,31-08-1986,ef,Sitka
36,Leeanne,Sibyls,03-05-1995,dam,Tórshavn
37,Doralynne,Peg,31-08-2000,dam,Rio Branco
38,Feliza,Wandie,31-03-1985,dam,Edmonton
39,Ursulina,Bach,12-04-2001,ef,Concepción
40,Nicoli,Hanshaw,15-08-1983,ef,Belize City
41,Hope,Publia,19-04-2002,ef,Rockhampton
42,Valera,Melony,16-10-1987,ef,Invercargill
43,Peri,Colyer,23-10-1991,ef,Davao City
44,Correy,Anis,12-09-2001,ef,Dongguan
45,Shaylyn,Nicoline,31-07-1997,dam,Montreal
46,Farrah,Vale,19-06-1989,ef,Apia
47,Lila,Forrer,27-02-1987,dam,Peshawar
48,Brianna,Arne,17-09-1993,dam,Salt Lake City
49,Alyda,Suk,13-10-1990,ef,Málaga
50,Katleen,Travax,06-06-2000,dam,Enugu
51,Sara-Ann,Goddard,08-10-1983,dam,Huế
52,Sandie,Hedve,15-10-1993,ef,Providence
53,Modestia,Magnolia,25-02-1990,ef,Ibadan
54,Hayley,Gaynor,21-12-1995,dam,Zamboanga City
55,Gabriellia,Delp,06-04-1990,ef,Phuket (city)
56,Shell,Reneta,27-12-2002,dam,Hanover
57,Meghann,Radu,12-08-2000,ef,Magadan
58,Tatiania,Carri,22-10-1985,dam,Caracas
59,Elyssa,Bethany,30-10-2000,ef,Vatican City
60,Gloria,Pitt,18-11-1981,ef,Kota Kinabalu
61,Ulrike,Dielu,11-01-2002,dam,New York City
62,Eugine,Garrison,02-09-1997,ef,Barranquilla
63,Lesly,Donoghue,05-11-2000,ef,Chuí
64,Trudie,Pitt,06-03-1994,dam,Islamabad
65,Sheree,Chabot,12-01-1991,dam,Livingstone
66,Jenilee,Rolf,21-04-1995,dam,Nanning
67,Corly,Ovid,30-04-2001,ef,Brussels
68,Tina,Kermit,01-08-1989,dam,Douglas
69,Cassondra,Ralfston,09-06-1981,ef,Puerto Williams
70,Marinna,Glenden,01-04-1994,dam,Baku
71,Marsiella,Dreda,12-10-1980,dam,Bursa
72,Evita,Ciro,04-07-1986,dam,Perth
73,Lorenza,Sharl,18-06-1993,ef,Chiang Mai
74,Kelly,Hurley,02-03-1993,ef,Zhengzhou
75,Trudie,Publia,14-02-1981,ef,Mbabane
76,Almeta,Briney,23-02-1999,ef,Nuuk
77,Moyna,Christal,10-05-1985,dam,San Carlos de Bariloche
78,Sharai,Margarete,03-11-1992,ef,Gaza
79,Viki,Middleton,18-10-1999,ef,Quezon City
80,Wanda,Jacqui,15-11-1984,ef,Basse-Terre
81,Leontine,Ambrosia,13-11-1996,dam,Fairbanks
82,Riannon,Lorain,15-01-1987,ef,Hanga Roa
83,Kylynn,Ulphia,01-11-1993,ef,Pekanbaru
84,Ricky,Vary,20-11-1995,ef,Bogotá
85,Philis,Ophelia,27-01-1997,ef,Houston
86,Codie,Arley,05-11-1986,dam,Lucknow
87,Shell,Vale,27-01-1980,ef,Lima
88,Thalia,Fax,07-01-1999,ef,Konya
89,Caritta,Buckler,05-07-1994,dam,Novosibirsk
90,Petronia,Tiffa,19-10-1998,ef,Newcastle
91,Kathy,Skell,08-02-1985,dam,Seville
92,Janenna,Duwalt,08-01-1999,dam,Nagpur
93,Fayre,Kunin,25-05-1996,ef,Cusco
94,Gale,Frodi,08-08-1994,ef,Brasília
95,Siana,Jeanne,16-03-1994,ef,Harare
96,Micheline,Raimondo,21-07-1985,ef,Atlanta
97,Carlie,Kristi,20-12-1981,dam,Atlanta
98,Violet,Saint,04-08-1980,dam,Khartoum
99,Robbi,Llovera,18-04-1994,dam,Juneau
100,Ruthe,Verger,07-12-1992,dam,Ahmedabad
101,Lelah,Warthman,03-05-1998,dam,The Valley
102,Adriana,Imelida,26-02-1992,ef,Huế
103,Keelia,Zitvaa,01-01-1998,ef,Yellowknife
104,Desirae,Pascia,10-02-1986,ef,Omsk
105,Candy,Wyn,27-03-1989,dam,Kaliningrad
106,Jenda,Chem,07-07-1999,ef,Yerevan
107,Adore,Braun,23-06-1989,dam,Melekeok
108,Genevra,Sheedy,07-03-1985,dam,Phuket (city)
109,Renae,Oster,13-09-1984,dam,Bishkek
110,Queenie,Meter,26-07-1991,dam,Port Said
111,Ileana,Eachern,26-03-1988,ef,Zanzibar City
112,Xylina,Swigart,19-04-1985,ef,St. Louis
113,Roslyn,Ietta,11-03-1986,dam,Kingston
114,Lizzie,Frendel,11-05-1989,ef,Valdivia
115,Viki,Tarrant,30-09-1981,dam,Austin
116,Mellicent,Quinn,28-01-1993,dam,Christchurch
117,Viki,Dielu,01-09-2002,dam,Luxembourg (city)
118,Alyda,Sawtelle,20-02-2000,dam,Beijing
119,Andree,Elo,04-08-1987,ef,Marrakech
120,Nataline,Bebe,22-02-1997,dam,Suva
121,Juliane,Shirberg,09-11-1989,dam,Mamoudzou
122,Lelah,Meter,31-01-2000,dam,Majuro
123,Ada,Ludewig,24-06-1987,dam,Newcastle
124,Jasmina,Fax,01-12-2001,dam,Gibraltar
125,Correy,Elisha,14-01-1992,dam,Sitka
126,Rori,Kalinda,04-01-2002,ef,Manila
127,Bill,Lowry,25-09-1986,ef,Cannes
128,Thalia,Meter,07-10-1983,dam,Sitka
129,Julieta,An,08-08-1992,ef,Cotonou
130,Jeanna,Monaco,20-01-2001,ef,Valparaíso
131,Isa,Yam,05-12-1998,ef,Kawasaki
132,Morganica,Clie,23-02-1995,dam,Aarhus
133,Joane,Alabaster,28-02-1993,ef,Vientiane
134,Eve,Hirsch,15-06-1993,ef,Iquique
135,Konstance,Lubin,14-12-1999,ef,Ludhiana
136,Lusa,Merell,17-01-1996,ef,Mecca
137,Donnie,Pernick,12-07-1985,dam,Yangon
138,Gusella,Thema,13-07-2001,dam,South Tarawa
139,Donnie,Audly,30-10-1998,dam,Paris
140,Romona,Shaddock,29-09-1981,ef,Rio de Janeiro
141,Libbie,Erskine,15-03-2002,ef,Kuching
142,Fred,Wu,21-04-1984,dam,Fukuoka
143,Aigneis,Halsey,12-02-1985,dam,Darwin
144,Damaris,Bach,29-07-2001,dam,Cairo
145,Maridel,Cosenza,06-11-1998,ef,Zürich
146,Grier,Minetta,11-10-2000,dam,Lyon
147,Elmira,Stanwood,06-04-1981,dam,Riga
148,Raf,Klemperer,19-12-1981,dam,Lomé
149,Roz,Phyllis,05-05-1984,dam,Guatemala City
150,Violet,Marijo,29-06-1988,dam,Magadan
151,Isa,Esmaria,11-05-1983,ef,Belize City
152,Blondelle,Chesna,20-02-1994,dam,Bissau
153,Aaren,Quent,03-07-1989,dam,San Antonio
154,Marsiella,Juliet,01-07-2002,ef,Tórshavn
155,Darlleen,Concha,22-05-1980,ef,Tbilisi
156,Sherrie,Dosia,02-06-1987,ef,Banda Aceh
157,Sandie,Hertzfeld,04-09-1991,dam,The Valley
158,Devina,Faria,05-10-2001,dam,Cusco
159,Maurene,Tatianas,03-03-1997,ef,Tallinn
160,Dari,Leary,25-11-1987,ef,Amritsar
161,Celene,Wandie,11-09-1991,ef,Chongjin
162,Eugine,Shaver,04-02-1995,dam,Abidjan
163,Roseline,Alfons,09-07-1995,dam,Houston
164,Ronna,Sacken,31-12-1982,dam,Bilbao
165,Ethel,O'Neill,03-03-1985,ef,Perth
166,Maridel,Mallon,20-08-1999,ef,Kuwait City
167,Kristan,Wooster,14-03-1987,ef,Aberdeen
168,Nita,Modie,26-10-2002,ef,Lomé
169,Caritta,Kunin,18-06-1989,ef,Faisalabad
170,Maud,Monaco,14-08-1989,dam,Melbourne
171,Agnese,Orelee,01-04-1992,dam,Tashkent
172,Ruthe,Kauppi,11-07-1984,ef,Kobe
173,Harmonia,Kunin,03-01-1987,dam,Forked River
174,Alejandra,Publia,06-11-1985,ef,Nukuʻalofa
175,Marita,Hartnett,28-06-1987,dam,Valencia
176,Lorenza,Phi,08-09-1985,ef,Quebec City
177,Fanchon,Wattenberg,17-05-1984,ef,Tallinn
178,Lanae,Flita,06-03-1994,ef,Mwanza
179,Aaren,Joeann,07-09-1998,ef,Tunis
180,Susette,Brandice,20-07-1997,dam,Bursa
181,Sindee,Llovera,21-06-1986,dam,Port-au-Prince
182,Leia,Maisey,06-07-1995,ef,Amritsar
183,Kary,Fabiola,13-12-1985,dam,Riverside
184,Dorene,Donell,23-02-1987,ef,Batticaloa
185,Fanny,Mendez,04-11-1984,ef,Panama City
186,Elora,Pearse,25-11-1998,ef,Pyongyang
187,Cathie,Diogenes,15-06-1995,ef,Pelotas
188,Morganica,Damarra,26-09-1987,ef,Dar es Salaam
189,Brana,Kelula,04-04-2000,ef,Bergen
190,Courtnay,Kendrick,24-02-2001,dam,Ibiza
191,Ivett,Ferrell,13-04-2001,ef,Douglas
192,Charlena,Elephus,04-10-1988,ef,Porto Alegre
193,Lusa,Gillan,10-05-1995,dam,Damascus
194,Mara,Calhoun,18-03-1983,dam,Konya
195,Nyssa,Natica,09-07-1987,dam,Zamboanga City
196,Suzette,Ludewig,13-07-1994,dam,Bissau
197,Rani,Kunin,17-12-1980,dam,Leipzig
198,Rosabelle,Granoff,09-05-2001,dam,Frankfurt
199,Elyssa,Marlie,12-05-1999,ef,Minsk
200,Janenna,Constancy,09-02-1986,ef,Riyadh
201,Frieda,Johanna,31-08-1986,dam,Ndola
202,Cordi,Grosz,31-12-1983,ef,Mexicali
203,Bertine,Faria,03-07-1993,dam,Gold Coast
204,Maurene,Sothena,06-01-1996,dam,Kaliningrad
205,Jillayne,Hunfredo,01-05-2001,ef,Namangan
206,Isa,Sekofski,24-06-1989,dam,Guwahati
207,Suzette,Rubie,09-07-2002,dam,Hiroshima
208,Mariele,Alabaster,15-04-2002,ef,Shenyang
209,Roseline,Sprage,01-07-1987,dam,Gaziantep
210,Merrie,Bandeen,04-10-1991,ef,Yakutsk
211,Karena,Macey,19-05-1988,dam,Tampa
212,Sherrie,Abernon,18-08-1998,ef,Nuuk
213,Molli,Tybald,26-09-2000,dam,Tagbilaran
214,Vanessa,Santoro,12-01-1989,ef,Dhaka
215,Clementine,Socha,22-11-2001,ef,Padang
216,Arlina,Bearnard,04-11-2000,dam,Quito
217,Blondelle,Yate,20-05-1999,ef,Cayenne
218,Kayla,Kelula,22-06-1984,dam,Guwahati
219,Dominga,Cristi,13-03-2002,ef,City of Halifax
220,Sean,Tjon,10-08-1995,ef,Seoul
221,Sam,Earlie,15-09-1981,ef,Yerevan
222,Ayn,Serilda,10-02-1986,ef,Istanbul
223,Berta,Gower,23-03-1990,ef,Suva
224,Michaelina,Pauly,10-02-1996,dam,Roseau
225,Camile,Rese,18-03-2002,dam,Sapporo
226,Briney,Tjon,03-09-1990,ef,Batticaloa
227,Mara,Kristi,18-09-1987,dam,Ankara
228,Dania,Elephus,09-05-1982,ef,Manama
229,Dolli,Helfand,21-07-1993,dam,Melbourne
230,Feliza,Hurley,03-12-1988,dam,Jerusalem
231,Carmencita,Allare,08-11-1984,dam,Mecca
232,Elie,Grayce,07-12-1989,ef,Djibouti (city)
233,Meg,Killigrew,09-03-1990,ef,São Paulo
234,Codie,Jary,21-07-1992,ef,Hanga Roa
235,Vinita,Zetta,29-01-2000,ef,Casablanca
236,Joceline,Delp,28-12-1982,dam,Alofi
237,Petronia,Boycey,17-04-1994,ef,Bangkok
238,Britni,Dearborn,10-09-1999,ef,Louisville
239,Raquela,Kirbee,10-02-1999,dam,Zagreb
240,Candi,Milde,27-03-1982,ef,Porto Velho
241,Kristina,Charmine,21-06-1997,ef,Shenyang
242,Deirdre,Tannie,21-02-1996,dam,Pretoria
243,Susan,Erich,12-06-1995,ef,Gaza
244,Leia,Bahr,04-06-1983,dam,Brussels
245,Caritta,Wandie,29-04-2002,ef,Lucknow
246,Marti,Dalli,28-08-1987,ef,Agartala
247,Charlena,Loring,11-06-1990,ef,Yerevan
248,Brena,Grimbly,11-01-1993,ef,Chihuahua
249,Caritta,Earlie,18-12-1985,ef,Changchun
250,Roslyn,Nadia,25-04-1988,dam,Bucharest
251,Jean,Luhe,03-10-1987,dam,Fort-de-France
252,Flory,Kosey,17-08-1999,dam,Berlin
253,Gabriellia,Hourigan,02-03-2000,dam,Apia
254,Paola,Catie,02-04-1985,dam,Quito
255,Vivia,Beniamino,10-09-1993,dam,Podgorica
256,Grier,Dudley,02-04-1982,dam,Canberra
257,Dotty,Verger,28-03-1983,dam,Vienna
258,Johna,Damarra,17-03-2002,dam,Ilhéus
259,Chickie,Fleeta,21-07-1997,dam,Yamoussoukro
260,Abbie,Hepsibah,21-01-1999,ef,Malmö
261,Loree,Klotz,01-06-1999,ef,Zamboanga City
262,Edee,Wooster,20-02-1999,ef,Riyadh
263,Lenna,Kosey,30-08-1993,dam,Virginia Beach
264,Alyda,Adalbert,21-04-1987,dam,Kaohsiung
265,Rhoda,Susannah,21-12-1982,dam,Kandahar
266,Lorie,Ackerley,30-11-1985,dam,Islamabad
267,Corly,Fry,21-08-1988,ef,Tórshavn
268,Barbi,Silvan,22-02-1994,ef,Suez
269,Gloria,Danby,03-09-1982,ef,Surat
270,Kerrin,Whiffen,03-12-1986,ef,Belize City
271,Nikki,Mata,09-06-1980,ef,Makati City
272,Frieda,Amadas,23-04-1988,dam,Malang
273,Verla,Bouchard,02-02-1980,dam,Kandahar
274,Layla,Heidt,11-03-1998,ef,Tirana
275,Shaylyn,Cottle,24-04-1988,dam,Luanda
276,Sonni,Devlen,29-07-1992,dam,Zanzibar City
277,Brynna,Hirsch,29-06-1997,ef,Kuching
278,Jeanna,Millda,29-07-1985,dam,Ibiza
279,Eadie,Greyson,16-10-1998,ef,Dammam
280,Flo,Allina,26-07-1987,ef,Brasília
281,Wanda,Berard,08-09-1997,ef,Johannesburg
282,Meriel,Trace,30-03-1986,dam,Alofi
283,Noelle,Colyer,19-02-1996,dam,Konya
284,Adore,McLaughlin,18-05-1991,dam,Dodoma
285,Annecorinne,Chabot,30-05-1986,ef,Minsk
286,Binny,Haerr,29-05-1982,ef,Málaga
287,Alyda,Pattin,11-01-1998,ef,Turin
288,Gilligan,Nisbet,09-04-1990,ef,Batticaloa
289,Rebeca,Stav,07-05-1996,dam,Regina
290,Roz,Drisko,04-08-1994,ef,San Salvador
291,Bobbi,Pettiford,15-11-1990,ef,Wellington
292,Brynna,Gualtiero,14-06-1992,ef,Valparaíso
293,Merrie,My,10-10-1983,dam,Fortaleza
294,Olwen,Shama,26-12-1985,ef,Nakhon Ratchasima
295,Katuscha,Jess,23-04-1986,dam,Assis
296,Dolli,Gower,21-10-1999,ef,Avarua
297,Dorice,Carolin,22-08-1985,dam,Singapore
298,Adriana,Colleen,22-07-1989,ef,Gangtok
299,Bertine,Ciro,29-07-1992,ef,Willemstad
300,Rhoda,Bach,11-07-1991,dam,Horta (Azores)
301,Lonnie,Vharat,18-11-1998,dam,Tartu
302,Andree,Westphal,26-03-1985,ef,Maceió
303,Catharine,Parette,29-09-2001,ef,Norilsk
304,Joceline,Reidar,27-02-1993,dam,Palma
305,Gretal,Kinnard,15-05-1980,dam,Adelaide
306,Kerrin,Erskine,26-12-1999,ef,Algiers
307,Flo,Buffum,10-10-1996,ef,Beijing
308,Asia,Idelia,28-11-1985,dam,Graz
309,Grier,Joachim,30-05-1991,ef,Amman
310,Delilah,Revkah,25-07-1985,dam,Wellington
311,Hermione,Durware,01-04-1986,ef,Seoul
312,Julieta,Cornelia,11-01-1984,dam,Leipzig
313,Emelina,Jagir,25-10-1988,ef,Basra
314,Rozele,Philoo,15-02-1993,ef,Tskhinvali
315,Gavrielle,Pozzy,17-04-1990,dam,Sukhumi
316,Teddie,Ambrosia,27-06-1988,ef,Conakry
317,Augustine,Monk,13-01-1983,dam,Panama City
318,Larine,Tybald,11-10-1996,ef,Birmingham
319,Sidoney,Sammons,01-03-1995,dam,Juneau
320,Wileen,McClimans,09-06-1988,ef,St. Louis
321,Ofilia,Kress,20-05-1998,dam,Jersey City
322,Adele,Vilma,17-10-1997,ef,Athens
323,Marjie,Rossner,28-07-1992,ef,San Fernando
324,Laurene,Martguerita,08-05-2002,dam,Oklahoma City
325,Kerrin,Cohdwell,08-07-1985,ef,Montevideo
326,Kary,Constancy,13-06-1998,dam,Hangzhou
327,Tera,Lunsford,13-08-2002,ef,Sabha
328,Charlena,Charmine,07-12-1995,ef,Belize City
329,Mildrid,Wadell,26-04-1995,dam,Asmara
330,Sheree,Alarise,03-11-1986,ef,Gold Coast
331,Marguerite,Wesle,24-06-1983,dam,Multan
332,Shannah,Lacombe,13-12-1985,dam,Suez
333,Amalie,Fillbert,27-06-1980,dam,Durban
334,Alyda,Delacourt,15-04-2002,dam,Jakarta
335,Phylis,Claudine,20-03-2001,dam,Ashgabat
336,Luci,Laverne,01-05-1988,ef,New York City
337,Mignon,Hutchison,28-01-1984,ef,Dushanbe
338,Johna,Yate,01-03-2000,ef,Oslo
339,Ulrike,Darrell,05-06-1999,dam,Stockholm
340,Christy,Radu,05-08-1980,ef,Lagos
341,Deedee,Engdahl,17-03-1986,ef,Brazzaville
342,Ashlee,Astra,04-10-1986,dam,Amman
343,Misha,Bebe,04-09-1981,dam,Santo Domingo
344,Karly,Boehike,14-11-1986,ef,Thessaloniki
345,Laurene,Mintz,28-11-1995,dam,Yokohama
346,Hildegaard,Seagraves,07-06-1994,dam,Dublin
347,Kore,Hourigan,29-05-1992,ef,Ibiza
348,Roberta,Carleen,18-09-1998,dam,Fukuoka
349,Chandra,Tjon,04-12-1984,ef,Ushuaia
350,Fayre,Chapland,10-07-1990,dam,Sofia
351,Lynnea,Artie,25-01-1985,ef,Faisalabad
352,Liana,Carlson,02-05-1995,ef,St. George's
353,Alia,Virgin,07-05-1983,dam,Amsterdam
354,Corina,Rheingold,14-12-2002,ef,Thiès
355,Ezmeralda,Concha,10-05-1997,dam,Surat
356,Gusty,Weinreb,28-01-1990,dam,Albuquerque
357,Marguerite,Rustice,23-05-1989,ef,São José dos Campos
358,Mahalia,Bari,18-03-2001,ef,Asunción
359,Rozele,Willie,13-04-1980,ef,Aberdeen
360,Zondra,Sikorski,13-04-1994,dam,Johannesburg
361,Gabriellia,Kazimir,31-05-1994,ef,İzmir
362,Sidoney,Aprile,04-04-1986,ef,Jacksonville
363,Jacenta,Pond,24-04-1991,dam,Buffalo
364,Lynnea,Pelagias,08-03-1982,dam,Melbourne
365,Adriana,Baptlsta,27-04-1991,dam,Saipan
366,Shel,MacIntosh,14-08-1985,ef,Xi'an
367,Marinna,Margret,30-08-1991,ef,Pekanbaru
368,Nicoli,Malvino,12-05-1993,dam,Hyderabad
369,Carmela,Bashemeth,23-02-1987,ef,Iquique
370,Yvonne,Alva,25-10-1996,dam,Medellín
371,Isa,Hylan,30-05-2001,dam,Tucson
372,Ann-Marie,Richers,17-06-1980,ef,Kaliningrad
373,Beverley,Plato,21-11-1980,ef,Adelaide
374,Lexine,Tamsky,13-11-1986,dam,Okinawa
375,Catrina,Erich,04-04-1988,dam,Yokohama
376,Lynea,Mendez,09-06-1993,dam,Fredericton
377,Sharlene,Marsden,18-03-1981,dam,Porto Alegre
378,Allyce,Gladstone,15-01-1983,dam,Denpasar
379,Rozele,Ledah,26-01-2000,ef,Birmingham
380,Fernande,Levey,24-07-1995,ef,Guwahati
381,Michaelina,Rad,28-05-1998,ef,Kraków
382,Misha,Simmonds,07-06-1988,ef,Batticaloa
383,Andree,Estella,04-11-1989,dam,Lviv
384,Lexine,Hamil,17-02-1991,ef,Chişinău
385,Sara-Ann,Toffic,03-10-1998,ef,Port Vila
386,Cordi,Lesley,11-06-1986,ef,Incheon
387,Annaliese,Marden,16-11-1987,ef,Luxembourg (city)
388,Heida,Thornburg,27-12-1992,dam,George Town
389,Orsola,Curren,18-09-1997,dam,Mwanza
390,Valli,Manolo,14-01-1999,ef,Melbourne
391,Dorothy,Richers,23-06-1994,ef,Pago Pago
392,Deirdre,Christal,05-07-1991,dam,Chongqing
393,Elvira,Mozelle,25-02-1982,dam,Ndola
394,Concettina,Belanger,28-12-1987,ef,Kharkiv
395,Kaia,Thilda,08-09-1992,dam,Luxor
396,Bernie,Clywd,02-03-2002,ef,Kingston
397,Maryellen,McClimans,24-11-1984,dam,Wichita
398,Aigneis,Margret,10-09-1980,ef,Frankfurt
399,Doralynne,Aprile,03-06-2002,ef,Bridgetown
400,Amii,Fillbert,12-08-1983,ef,Toronto
401,Iseabal,Braun,26-09-1986,ef,Minsk
402,Ada,Cavan,15-06-2002,ef,Porto Alegre
403,Susan,Natica,01-09-1987,ef,São Tomé
404,Malina,Longfellow,18-06-1986,dam,Wellington
405,Maisey,Fry,10-02-1986,ef,Malé
406,Rochette,Anastatius,15-12-1996,dam,Cairns
407,Tilly,Delp,01-07-1981,ef,Taichung
408,Genevra,Carmena,13-06-1992,dam,Manchester
409,Lynea,Ellord,26-11-2001,ef,Bangkok
410,Cherrita,McCutcheon,25-07-1985,dam,Quezon City
411,Myrtice,Lubin,13-11-1986,ef,Port of Spain
412,Rani,Love,26-04-2002,ef,Phnom Penh
413,Tybie,Robertson,04-07-2002,dam,Bergen
414,Emilia,Faso,23-10-1998,dam,Saint-Pierre
415,Carlie,Sisile,27-03-1997,dam,Christchurch
416,Olwen,Kinnard,29-07-1987,dam,Shenzhen
417,Carly,Linskey,22-05-2000,ef,George Town
418,Michaelina,Abernon,24-12-1995,ef,Munich
419,Cam,Argus,29-03-1980,ef,Konya
420,Coral,Chinua,02-01-1992,ef,Semarang
421,Roz,Cloris,13-01-1983,ef,Johannesburg
422,Phylis,Georas,23-07-2002,ef,Saint John
423,Drucie,Carbo,25-08-2001,ef,Horta (Azores)
424,Sallie,Yam,13-10-1992,ef,Minsk
425,Zsa Zsa,Ranjiv,20-02-1992,ef,São José dos Campos
426,Marika,Colp,04-05-1995,dam,N'Djamena
427,Gilda,Bobbee,11-11-1990,ef,Chuí
428,Caryl,Sacken,16-04-1984,dam,Barcelona
429,Margarette,Jenness,05-05-1980,ef,Manila
430,Moyna,Quinn,15-11-1982,ef,Durban
431,Farrah,Tiffa,14-05-1997,ef,Johor Bahru
432,Paule,Whittaker,14-09-1995,dam,Ankara
433,Netty,Ephrem,19-02-2000,ef,São Paulo
434,Cam,Merna,14-12-2000,dam,Chuí
435,Inga,Briney,25-02-2002,ef,Cotonou
436,Daphne,Matthew,07-07-1988,dam,Surat
437,Darci,Hirsch,20-05-1983,dam,Forked River
438,Cassondra,Nunci,28-10-1986,dam,Pristina
439,Hallie,Linehan,01-11-1997,dam,Banda Aceh
440,Reeba,Center,23-06-2001,dam,London
441,Florencia,Saunderson,05-08-1988,dam,Managua
442,Rochette,Koehler,21-04-1991,ef,Shanghai
443,Ida,Brenn,27-02-1992,ef,Dresden
444,Elvira,Manolo,01-11-1992,dam,Wonsan
445,Leontine,Grayce,31-08-1987,ef,Jakarta
446,Rosabelle,Casimir,01-03-1981,ef,Monterrey
447,Gilda,Concha,17-04-2000,dam,Mumbai
448,Blinni,Abbot,26-03-1982,ef,Salzburg
449,Olwen,Rad,17-09-1995,dam,Wollongong
450,Danny,Chaing,16-07-1989,ef,Vladivostok
451,Kalina,Roumell,27-03-1985,ef,Okinawa
452,Maisey,Millda,29-07-1982,dam,Simferopol
453,Lorie,Hermes,27-04-1991,ef,New Orleans
454,Leanna,Nedrud,26-02-1984,ef,Chicago
455,Jerry,Marsden,19-12-1986,dam,Makati City
456,Paule,Jacobah,28-09-1981,ef,Novosibirsk
457,Valera,Lacombe,22-04-1991,dam,Quetzaltenango
458,Meg,Deny,13-07-2002,ef,Jerusalem
459,Rebeca,Juliet,25-07-1989,dam,Bergen
460,Ursulina,Destinee,28-06-1984,ef,Livingstone
461,Kirbee,Zenas,12-07-1981,ef,Omsk
462,Mara,Seagraves,05-05-2000,ef,George Town
463,Hayley,Darian,06-11-1988,ef,Padang
464,Frances,Bashemeth,20-05-1993,dam,Omsk
465,Brynna,Plato,04-07-1999,ef,Houston
466,Ardenia,Hoban,22-12-1980,dam,Ashgabat
467,Devina,Crudden,13-07-1981,ef,Nakhon Ratchasima
468,Aaren,Karylin,13-07-1983,dam,Hanga Roa
469,Roberta,Fontana,21-12-2002,ef,Vladivostok
470,Agnese,Dituri,08-02-1989,ef,Labasa
471,Adriana,Lorain,28-11-1998,dam,Porto
472,Kathi,Seumas,30-07-1981,ef,Belmopan
473,Marcelline,Delacourt,04-06-1999,ef,Shijiazhuang
474,Lorenza,Kare,05-09-1994,dam,Kano
475,Shandie,Tamar,15-12-2001,ef,Agartala
476,Basia,Calhoun,12-04-2001,dam,Freetown
477,Lucy,Carvey,12-05-1993,dam,Cleveland
478,Priscilla,Schwejda,11-12-1990,ef,Mashhad
479,Adore,Ajay,03-09-1990,ef,Palembang
480,Linet,Blase,11-09-1998,ef,Lima
481,Marguerite,Masao,15-08-1985,dam,Batticaloa
482,Ann-Marie,Tayib,06-10-1999,ef,Calgary
483,Claudina,Mehalek,19-06-1989,dam,Yamoussoukro
484,Winifred,Morgun,11-12-1998,ef,Yaren District
485,Hettie,Mintz,19-07-1994,ef,Rochester
486,Halette,Croix,25-01-1989,ef,Cusco
487,Glenda,Elbertina,04-07-1986,dam,Monrovia
488,Lynde,Marden,03-10-1998,ef,Warsaw
489,Charissa,Holtz,29-10-1987,dam,Pittsburgh
490,Agathe,Peti,17-05-2000,dam,Ürümqi
491,Gwyneth,Olin,31-01-1984,ef,Tianjin
492,Myrtice,Dawkins,23-08-1981,ef,Sitka
493,Tiffie,Creamer,06-10-2002,dam,Nice
494,Roseline,Justinn,19-05-1997,ef,New Delhi
495,Angela,Elvyn,11-09-1995,ef,New Orleans
496,Bill,Gusella,14-07-1984,ef,Cardiff
497,Cherilyn,Constancy,18-02-2001,dam,Kabul
498,Bee,Podvin,29-04-1996,ef,San Fernando
499,Nikki,Craggie,27-03-1995,ef,Bursa
500,Kirbee,Irmine,21-04-1993,ef,Ludhiana
501,Yetty,Linskey,14-07-1985,dam,Brisbane
502,Renie,Alcott,18-02-1987,dam,Amsterdam
503,Ardenia,Ulphia,17-05-1989,dam,Mandurah
504,Vinita,Freddi,01-03-1992,ef,Cincinnati
505,Binny,Wallis,19-07-1993,dam,Pretoria
506,Stephanie,Wind,01-07-1995,ef,Guadalajara
507,Netty,Monk,28-11-1995,ef,Albuquerque
508,Nadine,Carlson,11-06-2001,ef,Brisbane
509,Phylis,Atonsah,12-01-1990,ef,Monaco
510,Di,Hutchison,19-03-1985,dam,Barcelona
511,Sam,Chabot,15-02-1989,dam,Tegucigalpa
512,Maridel,Ulphia,31-05-1986,dam,Jeddah
513,Teddie,Flyn,13-01-1982,ef,Moroni
514,Nessie,Halsey,28-11-1990,dam,Bratislava
515,Madeleine,Abernon,22-02-1985,ef,Dammam
516,Cam,Francyne,10-12-1992,dam,Vienna
517,Mellicent,Leopold,12-12-2001,dam,Medan
518,Ilse,Goddard,03-10-1982,dam,Almaty
519,Lanna,Pettiford,28-02-1986,ef,Madrid
520,Ariela,Mitzi,02-01-1995,dam,Tampa
521,Isa,Thunell,04-09-1995,dam,Salzburg
522,Judy,Pitt,01-11-1994,dam,Providence
523,Arlina,Brandice,04-05-1991,ef,Forked River
524,Thalia,Nea,12-04-1983,dam,Abidjan
525,Mahalia,Doig,17-10-1991,ef,Nukuʻalofa
526,Florencia,Tiffa,23-05-1985,ef,Makati City
527,Collen,Poppy,06-11-1982,ef,Surat Thani
528,Jean,Montgomery,15-10-2001,dam,Labasa
529,Petronia,Halsey,07-02-1985,ef,Hobart
530,Roseline,Tippets,22-11-1981,ef,Shenyang
531,Patricia,Timon,05-11-1994,dam,Medina
532,Amelia,Cadmar,20-03-1997,ef,Port-au-Prince
533,Doralynne,Lia,26-06-1994,ef,Oslo
534,Emelina,Vanni,07-04-1998,ef,Yaren District
535,Blinni,Obed,10-09-1983,ef,Kiev
536,Sean,Aida,29-01-2001,ef,Mendoza
537,Sidoney,Suzetta,16-09-1980,dam,Saskatoon
538,Molli,Zina,29-07-1994,dam,Hamilton
539,Maud,Berriman,28-11-1987,dam,Pekanbaru
540,Frieda,Lail,12-11-1993,dam,Simferopol
541,Lucy,Marisa,28-11-1983,ef,Warsaw
542,Nariko,Markman,04-11-2000,ef,Darwin
543,Andeee,Stilwell,17-03-2001,dam,Dammam
544,Riannon,Lissi,11-10-1984,ef,Tashkent
545,Eadie,Gherardo,14-08-1985,dam,Lviv
546,Kathy,Thad,13-05-1986,dam,Dodoma
547,Kara-Lynn,Wyn,03-01-2001,ef,Mata-Utu
548,Sindee,Genna,02-06-1989,dam,Ibadan
549,Sherrie,Raychel,21-05-1996,ef,Cork (city)
550,Stevana,Niles,08-12-1983,ef,Osaka
551,Johna,Kendrick,30-01-1996,dam,Nukuʻalofa
552,Dede,Faria,08-11-1992,ef,Gaziantep
553,Alexine,Schalles,17-04-2002,dam,Dunedin
554,Catrina,Buttaro,29-05-1996,dam,Bujumbura
555,Catrina,O'Rourke,04-09-1982,ef,Graz
556,Cassondra,Winthorpe,11-05-1984,ef,El Aaiún
557,Shel,Ranjiv,08-04-1993,dam,Douala
558,Cassandra,Timon,26-12-1996,dam,Lhasa
559,Carol-Jean,Rebecka,24-05-1988,dam,Port of Spain
560,Shaylyn,Sibyls,12-12-1990,dam,Tashkent
561,Luci,Ogren,09-03-1992,ef,Bissau
562,Brynna,McNully,12-10-1992,dam,Cincinnati
563,Sherrie,Sparhawk,01-01-1985,ef,Atlanta
564,Violet,Eugenia,14-05-2001,dam,Lusaka
565,Libbie,Irmine,05-02-1983,dam,Mecca
566,Gianina,Himelman,06-05-1994,ef,Dodoma
567,Eolanda,Cherianne,04-01-2000,ef,Kunming
568,Elena,Lorain,20-06-1994,dam,Kandahar
569,Tonia,Ariella,19-09-1984,ef,Boa Vista
570,Arlina,Hessler,20-03-2002,ef,Athens
571,Thalia,Sherrie,28-12-1990,ef,Bishkek
572,Talya,Bronk,19-06-1990,dam,Yerevan
573,Mildrid,Seessel,05-11-1991,ef,Lubumbashi
574,Maisey,Mandler,09-08-1988,ef,Majuro
575,Lucille,Urias,11-05-1996,ef,Greenwich
576,Josephine,Armanda,22-08-1999,dam,London
577,Tilly,Carlson,10-04-1989,ef,Regina
578,Netty,Kamaria,15-10-2000,ef,Medan
579,Charissa,Granoff,07-04-1996,dam,Rockhampton
580,Ursulina,Ranjiv,18-06-1995,dam,Kigali
581,Selia,Lamoree,15-04-1993,ef,Basse-Terre
582,Nannie,Ilka,23-05-1997,dam,Davao City
583,Claresta,Kunin,24-10-2000,dam,Chaguanas
584,Lynnea,Dom,27-10-1987,dam,Brasília
585,Demetris,Jacinda,26-09-1996,dam,Vientiane
586,Joleen,Cohdwell,16-10-1987,dam,Leeds
587,Linzy,Raama,11-11-1980,ef,Kansas City
588,Beverley,Miru,15-03-1989,dam,Nouakchott
589,Glynnis,Hirsch,29-07-1981,ef,Athens
590,Dorthy,Lipson,13-11-1990,dam,Multan
591,Abbie,Ferino,28-05-1988,dam,Istanbul
592,Winny,Luhe,22-09-1995,dam,Dibrugarh
593,Aryn,Pozzy,17-12-2000,ef,Johor Bahru
594,Darci,Liebermann,02-12-1997,ef,Detroit
595,Gratia,Thema,22-10-1990,dam,Gothenburg
596,Romona,Zitvaa,04-01-1987,dam,San Francisco
597,Angelique,Grosz,05-06-1992,dam,Tripoli
598,Amii,Khorma,21-01-1983,dam,Kobe
599,Desirae,Brieta,18-08-1985,ef,Valdivia
600,Florencia,Suzetta,04-06-1990,dam,Iquitos
601,Flo,Toni,10-04-1987,dam,Las Palmas de Gran Canaria
602,Amalie,Oster,20-10-1982,dam,Stanley
603,Ottilie,Darbie,03-07-1995,dam,Raleigh
604,Dorice,Gualtiero,13-04-1987,dam,Pago Pago
605,Ada,Rolf,10-04-1994,ef,Changchun
606,Stephanie,Marisa,02-04-1996,dam,Antananarivo
607,Letizia,Rese,17-09-1995,dam,Da Nang
608,Amara,Chem,11-01-1994,ef,Albuquerque
609,Fredericka,Garbe,07-03-1997,ef,Kunming
610,Doralynne,Frendel,08-05-2001,ef,Leipzig
611,Florie,Valoniah,13-05-1983,ef,Nagpur
612,Lolita,Louanna,27-03-1981,dam,Guatemala City
613,Ardenia,Delp,11-07-1990,dam,Qingdao
614,Wileen,Primalia,20-09-1997,dam,Charlottetown
615,Queenie,Lunsford,17-05-1998,dam,Busan
616,Verla,Janene,04-08-1998,dam,Port-au-Prince
617,Jaime,Emerson,14-02-1994,ef,Campo Grande
618,Alleen,Darrell,17-05-1986,dam,Kingston
619,Molli,Kenwood,09-01-1999,dam,Angra do Heroísmo
620,Margarette,Bibi,16-10-1996,dam,Bissau
621,Josephine,Wareing,16-05-1990,dam,Shenzhen
622,Hannis,Winthorpe,11-09-1995,dam,Oranjestad
623,Leontine,Wittie,13-01-1987,dam,Peshawar
624,Catharine,Kevon,27-11-1990,dam,Nukulaelae
625,Aili,Callista,23-09-1990,dam,Hat Yai
626,Eadie,Sperling,28-01-1992,dam,Bridgetown
627,Xylina,Martsen,30-06-1997,ef,Port Said
628,Gabriellia,Kristi,25-06-1991,ef,Surabaya
629,Maryellen,Maiah,12-06-1988,ef,Hangzhou
630,Alyda,Hoenack,21-12-1999,dam,Strasbourg
631,Henriette,Stav,15-02-1985,ef,Hyderabad
632,Ofilia,Hertzfeld,01-04-2002,dam,Alor Star
633,Hermione,Wenda,27-05-2000,ef,São Paulo
634,Mureil,Therine,01-08-1982,dam,El Aaiún
635,Iseabal,Persse,10-09-1982,ef,Charlottetown
636,Katuscha,Lipson,06-10-1986,dam,Odessa
637,Chrystel,Marijo,14-02-1992,dam,Malabo
638,Ottilie,Hepsibah,15-01-1999,ef,Port-au-Prince
639,Karolina,Ranjiv,13-01-1980,ef,Antananarivo
640,Annecorinne,Paton,28-01-1981,dam,Stepanakert
641,Sheree,Leonard,25-10-1984,ef,Hilo
642,Bobinette,Arley,28-11-1991,ef,The Hague
643,Ariela,Kunin,20-07-1989,dam,Vancouver
644,Jacenta,Seessel,13-09-1994,ef,Bandar Seri Begawan
645,Donetta,Durante,30-09-1997,ef,Cali
646,Wynne,Lail,03-10-1995,dam,Jakarta
647,Demetris,Shama,20-03-1988,ef,Vientiane
648,Gratia,Marlie,16-08-1990,ef,Incheon
649,Emelina,Clywd,29-09-1985,dam,El Aaiún
650,Aaren,Ogren,17-06-1989,dam,El Aaiún
651,Kirbee,Thilda,21-01-1998,dam,Mecca
652,Mariele,Saunderson,19-05-1981,ef,Birkirkara
653,Tobe,Thad,16-12-1992,dam,Tamale
654,Tani,Lynn,01-03-1983,dam,Nashville
655,Genevra,Schenck,12-04-1983,ef,Sofia
656,Orelia,Joseph,27-10-1995,dam,Rosario
657,Josephine,Vacuva,19-08-1992,ef,Espoo
658,Christy,Kathie,21-05-1984,dam,Guadalajara
659,Evaleen,Leopold,16-11-1994,ef,Houston
660,Mallory,Hepsibah,20-11-1992,dam,Brikama
661,Augustine,Leffen,27-07-1980,dam,Marseille
662,Brandise,Wesle,24-08-2000,dam,Yakutsk
663,Vivia,Jerald,03-12-1987,dam,Hai Phong
664,Amara,Lail,02-08-1980,dam,Chennai
665,Leeanne,Croix,12-12-1982,ef,Majuro
666,Silvana,Tacye,21-12-2001,ef,Bridgetown
667,Sherrie,Sholley,06-11-1996,ef,Montevideo
668,Lizzie,Rosette,22-04-1997,ef,Pelotas
669,Ira,Yuille,28-12-1983,dam,Durban
670,Liana,Rodmann,05-11-1985,dam,Douala
671,Steffane,Nore,30-01-1999,dam,Niamey
672,Fanchon,Lunsford,15-02-1981,dam,Gaza
673,Addia,Wyn,02-06-2000,dam,Edinburgh
674,Lucy,Katrine,06-12-2001,dam,Guadalajara
675,Veda,Bollay,28-09-1982,ef,Saint-Denis
676,Molli,Freddi,23-04-1986,ef,Chengdu
677,Di,Arathorn,17-06-1992,ef,Brazzaville
678,Genovera,Teddman,17-03-1987,dam,Conakry
679,Dorice,Thunell,08-03-1984,ef,Faisalabad
680,Henriette,Myrilla,08-07-1980,dam,São Tomé
681,Peri,Roxanna,10-01-2001,ef,Invercargill
682,Ivett,Shaddock,22-02-1988,ef,Ipoh
683,Catharine,Gaspard,09-12-1999,ef,Jerusalem
684,Evita,Christal,02-02-1981,ef,Sukhumi
685,Ardys,Ashely,18-07-1994,ef,Boa Vista
686,Cissiee,Ariella,01-02-1995,dam,Belfast
687,Joane,Chesna,02-10-2000,dam,Johor Bahru
688,Marylou,Screens,09-09-1984,ef,Glasgow
689,Karly,Cherianne,27-10-1987,ef,Maracaibo
690,Kara-Lynn,Pozzy,01-01-1999,ef,Makati City
691,Gwyneth,Christine,10-03-1980,ef,Tiraspol
692,Tersina,Kevon,17-05-1984,ef,Puebla
693,Harmonia,Baylor,23-04-1985,ef,Zapopan
694,Ardys,Holtz,22-11-1993,ef,Suva
695,Frances,Dimitris,14-08-1998,dam,Salt Lake City
696,Valeda,Ummersen,20-05-1997,ef,Ambon
697,Augustine,Dermott,30-11-1992,ef,Fortaleza
698,Amii,Berne,07-05-1984,dam,Helsinki
699,Halette,Fink,22-02-1989,ef,Shillong
700,Candi,Kat,19-12-1988,dam,Tianjin
701,Tierney,Tannie,10-04-1983,dam,Valletta
702,Diena,Juliet,29-06-1980,ef,Okinawa
703,Jerry,Milson,02-07-1992,ef,Stockholm
704,Valeda,Thomasina,28-06-1986,dam,Saint-Denis
705,Loree,Riva,11-05-1999,dam,Chennai
706,Edee,Ardeha,18-03-1989,dam,Greenwich
707,Rubie,Lasley,01-04-1995,ef,Concepción
708,Lorie,Prober,12-06-1996,dam,Mexicali
709,Shaine,Delp,01-09-1982,ef,New Orleans
710,Charmaine,Zamora,22-01-1989,dam,Chengdu
711,Selma,Hazlett,03-08-1994,dam,Buenos Aires
712,Dione,Bearnard,07-01-1992,ef,Indianapolis
713,Dede,Creamer,30-01-1984,dam,Xining
714,Dale,Harriman,23-02-1993,dam,Roseau
715,Aryn,Blisse,21-06-2000,ef,Addis Ababa
716,Emilia,Decato,29-05-2002,dam,Hamburg
717,Elsie,Smitt,14-07-1999,dam,Rio Branco
718,Pierette,Hillel,23-03-2002,dam,Norilsk
719,Mamie,Si,18-09-1988,ef,Gaziantep
720,Laurene,Maisey,24-03-1991,dam,Puerto Williams
721,Nannie,Berl,27-08-2000,dam,Toronto
722,Carilyn,Sherfield,24-11-1999,dam,Hanoi
723,Gisela,Cutlerr,25-03-1988,dam,Willemstad
724,Heida,Cristi,02-03-1986,dam,Arbil
725,Marika,Shama,10-12-1987,dam,Bergen
726,Nadine,Diogenes,14-05-2000,ef,Petropavlovsk-Kamchatsky
727,Dorene,Jacqui,18-03-2002,ef,Jaipur
728,Tamqrah,Philoo,05-02-1998,ef,Las Vegas
729,Helena,Rocray,07-05-1999,ef,Louisville
730,Coral,Rona,11-10-2002,dam,Rosario
731,Sharai,Sikorski,01-10-1986,ef,San Antonio
732,Meriel,Borrell,06-07-2000,dam,El Paso
733,Amalie,Adlare,18-12-1993,ef,Assis
734,Kayla,Slifka,16-01-1982,dam,Innsbruck
735,Olivette,Decato,24-03-1989,ef,Columbus
736,Modestia,Rhu,14-04-1981,ef,Anadyr (town)
737,Marsiella,Aloise,12-01-1996,dam,Belmopan
738,Gwenneth,Cynar,05-07-1996,dam,Yakutsk
739,Melisent,Milde,03-09-1983,ef,Puerto Williams
740,Neila,Philipp,05-07-1985,ef,Peshawar
741,Anica,Gaynor,26-03-2001,dam,Virginia Beach
742,Annaliese,Hutchison,21-07-1989,dam,Cartagena
743,Caritta,Laurianne,23-02-1998,dam,Ahmedabad
744,Felice,Frodi,22-12-1991,dam,Abu Dhabi
745,Xylina,Sallyann,08-05-1992,ef,Hanoi
746,Fawne,Bouchard,31-08-1992,ef,Taichung
747,Glynnis,Engdahl,30-05-1995,ef,Rio Branco
748,Olivette,Ralfston,30-08-1990,ef,Tripoli
749,Dominga,Darrell,25-08-1990,ef,Kunming
750,Paule,Nelsen,24-09-1992,dam,Dallas
751,Carilyn,Tyson,25-11-1985,ef,Jersey City
752,Caritta,Dreda,22-07-2000,ef,Espoo
753,Bettine,Douglass,30-03-1999,dam,Gangtok
754,Lorne,Gilbertson,21-10-1987,dam,Faisalabad
755,Ofilia,Lane,06-10-1986,dam,Malang
756,Dacia,Meter,09-04-1985,ef,Kyoto
757,Dagmar,Gemini,08-01-1993,dam,Havana
758,Zsa Zsa,Gualtiero,01-11-1991,ef,Gaza
759,Monika,Kare,15-12-1982,dam,Rio Branco
760,Benita,Dannye,13-04-1980,dam,Saint-Denis
761,Florie,Dreda,30-06-1984,ef,Milwaukee
762,Tiffie,Cloris,11-03-1998,dam,Hobart
763,Jasmina,Lilas,15-08-2000,dam,Mumbai
764,Nickie,Demitria,12-01-1993,dam,Luxembourg (city)
765,Bibby,Anton,30-05-1986,ef,Banjul
766,Di,Haerr,13-04-1983,dam,Kuching
767,Marinna,Guildroy,01-05-1986,ef,Punta Arenas
768,Elena,Couture,25-07-1982,dam,Geneva
769,Audrie,Tjon,09-07-1984,ef,Tampa
770,Pearline,Muriel,27-04-1986,dam,Chongjin
771,Margette,Newell,25-09-1991,ef,Accra
772,Kathy,Dulciana,24-05-1994,dam,Huế
773,Merle,Durante,27-12-1986,ef,Honiara
774,Clarice,Tjon,16-11-1982,dam,Da Nang
775,Antonietta,Bennie,30-05-2000,ef,Detroit
776,Carmencita,Schonfeld,12-05-1989,dam,Dunedin
777,Oona,Rona,10-05-1995,ef,Vaduz
778,Lusa,Ambrosia,07-12-1996,dam,Zürich
779,Lonnie,Ferino,25-06-2000,ef,São Tomé
780,Sibella,Colleen,11-08-1983,dam,Boa Vista
781,Laure,Federica,14-02-1983,ef,Milwaukee
782,Leia,Judye,14-08-1989,dam,Jayapura
783,Siana,Niccolo,26-02-1981,ef,Bahía Blanca
784,Tabbatha,Erlandson,07-06-1985,ef,Majuro
785,Audrie,Leler,11-06-1980,ef,Curitiba
786,Meriel,Cosenza,10-03-1983,ef,Kawasaki
787,Amalie,Engdahl,17-07-1980,dam,Samara
788,Glynnis,Wildermuth,27-11-1995,ef,Port-au-Prince
789,Nadine,Annice,24-02-1991,dam,Bangui
790,Christian,Ethban,27-03-1982,ef,Rockhampton
791,Vivia,Amadas,30-10-2000,ef,Funafuti
792,Starla,Poppy,23-01-2002,dam,Lviv
793,Madalyn,Markman,11-07-2000,ef,Namangan
794,Kristina,Hailee,09-01-2000,dam,Longyearbyen
795,Madelle,Melan,06-04-1996,ef,Maracaibo
796,Margarette,Munn,16-01-1987,dam,Pattaya
797,Nollie,Chinua,09-08-1990,ef,Monaco
798,Kimberley,Connelly,18-01-1987,ef,Kuwait City
799,Misha,Bonucci,14-03-1983,dam,Karachi
800,Etta,Crudden,01-07-1984,dam,Recife
801,Annice,Letsou,13-02-1987,ef,Bogor
802,Stephanie,Grayce,09-09-1984,dam,Milan
803,Max,Mott,04-09-1991,ef,Ottawa
804,Fanchon,Read,09-05-1997,ef,Bishkek
805,Glynnis,Latini,21-04-2001,ef,Vaduz
806,Bee,Laverne,11-11-1980,dam,Riverside
807,Isa,Hillel,01-06-1996,dam,Hobart
808,Sean,McLaughlin,31-05-1985,dam,Arbil
809,Rozele,Philoo,09-01-1992,dam,Lviv
810,Frances,Howlyn,07-09-1983,ef,Dodoma
811,Brianna,Margarete,15-07-1997,dam,Gibraltar
812,Dorothy,Trinetta,06-09-2000,dam,Stuttgart
813,Di,Delacourt,05-02-1981,ef,Magadan
814,Dulce,Elbertina,18-09-1996,dam,Arbil
815,Kirbee,Ricki,16-06-1986,dam,Bandung
816,Brietta,Hashim,27-07-1994,dam,Yangon
817,Ashlee,Hirsch,05-09-1996,ef,Singapore
818,Selma,Bebe,17-07-1982,dam,Tabriz
819,Kate,Muriel,24-06-1989,ef,Valencia
820,Yetty,Roche,31-08-1989,ef,Adak
821,Dorthy,Brian,20-02-1985,dam,Sarajevo
822,Clarice,Malvino,26-12-2000,dam,Muscat
823,Rani,Bahr,15-05-1999,ef,Majuro
824,Dianemarie,Chinua,19-11-1982,dam,Brikama
825,Almeta,Ludewig,18-10-1981,ef,Tashkent
826,Amelia,Delp,15-09-2000,dam,Hamilton
827,Annaliese,Daegal,23-04-2002,dam,Chaguanas
828,Lily,Edison,12-08-1999,ef,Malabo
829,Debee,Celestine,15-06-1982,dam,Stuttgart
830,Theodora,Forrer,07-02-1990,ef,Dalian
831,Merci,Prouty,04-09-1991,dam,Christchurch
832,Bobinette,Lesley,21-11-2001,ef,Monterrey
833,Veda,Beebe,22-06-1998,dam,Boston
834,Emmey,Rheingold,22-07-1988,dam,Toronto
835,Heida,Brunell,12-03-1998,dam,Nukulaelae
836,Robbi,Colyer,08-03-1984,ef,Bishkek
837,Brynna,Whiffen,14-01-1987,dam,Dresden
838,Gabriellia,Raseda,07-11-1989,ef,Tagbilaran
839,Lacie,Mott,20-09-1983,dam,Ljubljana
840,Christian,Trinetta,06-01-1986,dam,Manchester
841,Mureil,Jobi,24-08-1999,dam,Pattaya
842,Sheelagh,Lane,09-10-1990,ef,Reykjavík
843,Gaylene,Gregrory,03-11-1980,dam,Padang
844,Merry,Selway,05-05-1984,dam,Apia
845,Lusa,Durware,01-10-1998,ef,Regina
846,Rosabelle,Arley,13-07-1982,dam,Dar es Salaam
847,Lolita,Bluh,14-12-1982,ef,New Orleans
848,Tani,Lareena,01-10-1987,ef,Ashgabat
849,Mellicent,Justinn,03-12-1981,ef,Ottawa
850,Tarra,Madox,12-05-1999,ef,Brazzaville
851,Nicoli,Roumell,26-03-2000,dam,Albuquerque
852,Karena,Pulsifer,04-09-1982,dam,Cleveland
853,Brynna,Ariella,06-02-1989,ef,Panama City
854,Letizia,Grobe,22-06-1981,dam,Newcastle
855,Ida,Marsden,23-10-1986,ef,Accra
856,Collen,Lenny,01-12-1989,dam,Ouagadougou
857,Carolina,Gabrielli,27-11-2001,dam,Columbus
858,Xylina,Fontana,09-03-2001,dam,Yaoundé
859,Morganica,Arathorn,26-11-1988,dam,Xi'an
860,Maridel,Reidar,28-12-2002,ef,Adelaide
861,Fanchon,Lanita,21-03-1990,ef,Omdurman
862,Babita,Cohdwell,04-09-1998,ef,Accra
863,Christal,Brotherson,28-12-1984,dam,Yerevan
864,Elvira,Sidonius,18-02-1993,dam,Perm
865,Sidoney,Sawtelle,11-12-1983,dam,Ndola
866,Merci,Schalles,08-06-1999,dam,Tskhinvali
867,Georgina,Wenda,24-09-1993,ef,Wichita
868,Karena,Colp,12-04-1992,dam,Palikir
869,Lonnie,Halla,14-08-1982,ef,Kyoto
870,Monika,Therine,21-03-2002,dam,Qingdao
871,Elise,Fabiola,02-04-1993,ef,Tashkent
872,Stephanie,Jillane,26-03-1998,dam,Andorra la Vella
873,Joeann,Egbert,18-12-1986,ef,Majuro
874,Addia,Eiser,05-12-1989,ef,Libreville
875,Cam,Weitman,23-04-1985,dam,Dallas
876,Petronia,Bevin,13-02-1984,dam,Papeete
877,Fredericka,Harriman,15-09-1997,dam,Yaoundé
878,Chandra,Stilwell,19-01-1994,ef,San Carlos de Bariloche
879,Monika,Burch,03-05-2002,dam,Francistown
880,Siana,Teddman,29-08-1988,dam,Kandy
881,Atlanta,Ochs,20-03-1999,dam,Asmara
882,Marguerite,Maiah,16-11-1991,ef,Bangalore
883,Caressa,Clywd,18-11-1984,ef,Hai Phong
884,Cyb,Revkah,25-11-1987,dam,Serekunda
885,Nyssa,Zeeba,01-12-2002,dam,Praia
886,Marita,Manolo,20-11-1986,dam,Shenyang
887,Dede,Dosia,14-12-1990,ef,Linz
888,Nicoli,Pelagias,10-11-1991,dam,Calgary
889,Gilda,Alva,23-12-2000,ef,Bloemfontein
890,Viki,Jary,24-08-1997,dam,Port Said
891,Ericka,Zenas,24-12-1998,ef,Columbus
892,Etta,Barrus,05-02-1987,ef,Vaduz
893,Nerta,Mathilde,07-12-1985,dam,Pretoria
894,Caryl,Birdella,08-09-1984,ef,N'Djamena
895,Cathyleen,Shuler,20-05-1999,dam,Pattaya
896,Queenie,Poppy,24-02-1987,ef,Porto
897,Claresta,Melony,26-06-1995,ef,San Juan
898,Larine,Flyn,29-08-1987,dam,Accra
899,Annecorinne,Bow,20-09-1987,ef,Sukhumi
900,Kaja,Maisey,03-10-1982,dam,Ulan Bator
901,Clary,Harday,28-08-1985,dam,Cayenne
902,Dorice,Belanger,16-02-1982,dam,Guangzhou
903,Vanessa,Buckler,21-08-1996,dam,Fukuoka
904,Ellette,Saint,26-01-1998,ef,Kobe
905,Gratia,Talia,29-05-1987,dam,Tbilisi
906,Sheelagh,Croix,26-01-1993,ef,Petropavlovsk-Kamchatsky
907,Fayre,Craggie,16-03-1983,dam,Malmö
908,Jennica,Kirstin,29-04-1998,dam,Chaguanas
909,Alleen,Jorgan,15-11-1991,ef,Guangzhou
910,Paola,Madaih,18-05-2001,ef,São Paulo
911,Dolli,Faust,26-06-1995,ef,Sydney
912,Alia,Lasley,15-01-2002,ef,Stepanakert
913,Yetty,Lesley,10-01-1998,ef,Málaga
914,Gusty,Nunci,21-06-1982,dam,Baghdad
915,Caryl,Clywd,24-01-1982,ef,Taichung
916,Harrietta,Rooney,30-03-1989,ef,Enugu
917,Ginnie,Glovsky,21-12-1983,dam,Honolulu
918,Chickie,Riva,05-12-1990,dam,Gothenburg
919,Lauryn,Reneta,15-06-1996,ef,Tucson
920,Cherilyn,Granoff,16-09-1983,dam,Bloemfontein
921,Ira,Madelene,20-08-1999,dam,Bulawayo
922,Codie,Ardra,27-12-1999,ef,Qingdao
923,Lelah,Dorcy,10-05-1991,dam,Alexandria
924,Danika,Bonucci,22-02-1987,dam,Murmansk
925,Sarette,Aida,25-07-1994,ef,Tampere
926,Nariko,Maisey,14-06-1996,dam,New Orleans
927,Kristan,Faro,14-06-1992,dam,Port Moresby
928,Ardenia,Lorain,28-07-1991,dam,Ürümqi
929,Susan,Hedve,29-12-2001,ef,Tagbilaran
930,Moyna,Harriman,08-09-1983,dam,Tehran
931,Lacie,Pascia,18-02-1986,ef,Nanjing
932,Paola,Love,01-12-2002,dam,Willemstad
933,Carly,Adalbert,04-07-2001,ef,Charlottetown
934,Di,Billye,07-09-1981,dam,The Valley
935,Zsa Zsa,Eachern,15-10-1997,dam,Malang
936,Modestia,Susannah,07-01-1995,dam,Francistown
937,Leona,Ummersen,13-08-1999,ef,Tegucigalpa
938,Chickie,Dawkins,06-06-1987,ef,Boa Vista
939,Henriette,Noman,06-10-1989,dam,Yokohama
940,Nickie,Marlie,05-10-2002,dam,Bern
941,Tani,Dowski,23-03-1985,dam,Riyadh
942,Margalo,Pelagias,30-09-1984,ef,São Paulo
943,Nelle,Woodberry,09-06-1985,dam,Majuro
944,Arabel,Andrel,20-09-1996,dam,Córdoba
945,Sybille,Uird,22-11-1980,ef,Rabi Island
946,Maridel,Engdahl,17-04-1990,ef,Innsbruck
947,Blondelle,Pearse,10-08-1990,ef,Lahore
948,Lynnea,Selway,09-07-1982,ef,Guadalajara
949,Hallie,Shuler,21-04-1996,dam,Weno
950,Raquela,Bonucci,06-03-1982,ef,Concepción
951,Heida,Ader,25-10-2001,dam,Managua
952,Molli,Reneta,08-01-1983,dam,Panama City
953,Elena,Kelula,13-07-1998,dam,Valletta
954,Elyssa,Pearse,23-09-1980,dam,Helsinki
955,Mariann,Elbertina,07-02-2000,dam,Srinagar
956,Thalia,Iiette,11-06-1983,dam,Yokohama
957,Celisse,Lareena,21-11-1983,ef,Recife
958,Jan,Aurelio,08-09-1999,dam,Cebu City
959,Cassondra,Llovera,02-10-1992,dam,Chihuahua
960,Eadie,Robertson,14-02-1987,dam,Hilo
961,Esmeralda,Anyah,12-08-1989,ef,Mogadishu
962,Jobi,Iiette,14-03-1992,ef,Chiang Mai
963,Heida,Hamil,16-11-2001,ef,Lomé
964,Leia,Wallis,13-06-1996,dam,Murmansk
965,Debee,Dowski,25-01-1984,ef,Pago Pago
966,Gianina,Llovera,02-08-1999,ef,St. George's
967,Fawne,Lareena,31-01-2000,ef,Luxor
968,Flory,Burch,02-07-2002,dam,Mendoza
969,Marline,Sheedy,25-04-1983,ef,Mecca
970,Brena,Nance,30-10-1982,ef,Surat
971,Mara,Tristram,31-03-1996,ef,Alexandria
972,Maye,Gaynor,11-03-1997,ef,Baltimore
973,Cassandra,Lamoree,24-08-1995,ef,Phnom Penh
974,Kathy,Latini,16-08-1985,dam,Bamako
975,Lilith,Bow,11-06-2000,ef,Livingstone
976,Blake,Riva,04-11-1998,ef,Nouakchott
977,Aigneis,Emerson,07-06-2001,ef,La Paz
978,Consuela,Deny,01-04-2000,dam,Kota Bharu
979,Estell,Ventre,31-07-1992,ef,Tbilisi
980,Antonietta,Ezar,10-11-1985,ef,Belém
981,Ardys,Irmine,08-07-1990,dam,Kingstown
982,Dagmar,Loeb,26-12-1998,ef,Seattle
983,Sabina,Francyne,26-10-2002,ef,Dushanbe
984,Deloria,Juliet,17-05-1985,dam,Kota Bharu
985,Ashlee,Sabella,09-03-1999,dam,Townsville
986,Brietta,Cookie,27-10-1981,ef,Minsk
987,Pierette,Eugenia,24-08-1987,dam,Casablanca
988,Constance,Fosque,08-04-1984,dam,Abu Dhabi
989,Lily,Burch,03-12-1993,dam,Frankfurt
990,Judy,Poll,01-04-1984,dam,Asunción
991,Violet,Helfand,02-08-1987,dam,Graz
992,Layla,Naashom,06-03-1999,ef,Xi'an
993,Lanae,Carey,12-01-1993,dam,Qingdao
994,Alleen,Ax,05-11-1997,dam,Moscow
995,Sashenka,Publia,10-07-1987,ef,Riga
996,Nariko,Creamer,24-02-1991,dam,Road Town
997,Leia,Hilbert,21-05-1997,dam,Ottawa
998,Mahalia,Fabiola,16-05-2000,ef,Davao City
999,Elka,Adore,13-03-1996,ef,Dunedin
1000,Candy,Giule,16-08-1985,ef,Linz